{
  "feat_min": [
    75.0,
    78.0,
    75.0,
    78.0,
    0.0,
    0.0,
    0.9100000262260437,
    0.949999988079071,
    0.8799999952316284,
    0.0,
    76.0,
    76.0,
    -9.0,
    -12.0,
    -12.0,
    -1.0
  ],
  "feat_max": [
    84.0,
    90.0,
    84.0,
    90.0,
    1.0,
    1.0,
    1.059999942779541,
    1.149999976158142,
    1.0800000429153442,
    1.0,
    88.0,
    88.0,
    9.0,
    12.0,
    12.0,
    1.0
  ],
  "feature_cols": [
    "team1_bat_rating",
    "team1_bowl_rating",
    "team2_bat_rating",
    "team2_bowl_rating",
    "team1_is_home",
    "team2_is_home",
    "venue_bat_modifier",
    "venue_spin_modifier",
    "venue_pace_modifier",
    "venue_dew_factor",
    "team1_exp_rating",
    "team2_exp_rating",
    "bat_rating_diff",
    "bowl_rating_diff",
    "exp_rating_diff",
    "home_advantage_diff"
  ]
}